dataset_order,transaction_id,user_id,amount,transaction_type_ATM,transaction_type_Online,transaction_type_POS,transaction_type_QR,merchant_category_Clothing,merchant_category_Electronics,merchant_category_Food,merchant_category_Grocery,merchant_category_Travel,country_DE,country_FR,country_NG,country_TR,country_UK,country_US,hour,device_risk_score,ip_risk_score,is_fraud
0,9608,363,4922,1,0,0,0,0,0,0,0,1,0,0,0,1,0,0,12,99,94,1
1,9933,121,4284,1,0,0,0,0,0,1,0,0,0,0,0,1,0,0,12,73,73,1
2,9637,560,1148,0,0,1,0,0,0,0,0,1,1,0,0,0,0,0,19,94,83,1
3,9711,935,952,0,0,0,1,0,0,0,0,1,0,0,0,0,1,0,20,78,98,1
4,9939,291,2865,1,0,0,0,0,0,1,0,0,0,0,0,1,0,0,13,83,90,1
5,9723,631,2830,0,0,1,0,1,0,0,0,0,0,0,0,0,0,1,4,92,74,1
6,9507,706,2705,0,0,0,1,0,1,0,0,0,0,1,0,0,0,0,10,76,80,1
7,9984,63,2995,1,0,0,0,0,0,0,1,0,0,0,1,0,0,0,11,86,88,1
8,9820,840,10,0,1,0,0,0,0,0,0,1,1,0,0,0,0,0,18,74,90,1
9,9929,735,2400,0,0,0,1,0,0,1,0,0,0,0,1,0,0,0,15,98,98,1
10,9701,64,1489,0,1,0,0,0,0,1,0,0,0,0,0,0,0,1,14,78,70,1
11,9795,537,22,1,0,0,0,1,0,0,0,0,0,0,0,0,0,1,4,99,92,1
12,9728,572,10,1,0,0,0,1,0,0,0,0,0,0,0,0,0,1,16,84,79,1
13,9500,438,1927,0,0,1,0,0,0,0,1,0,0,0,1,0,0,0,21,99,79,1
14,9575,622,1110,1,0,0,0,0,1,0,0,0,0,0,0,0,0,1,4,97,83,1
15,9754,616,1094,1,0,0,0,0,1,0,0,0,0,0,0,1,0,0,9,99,89,1
16,9566,461,3444,1,0,0,0,1,0,0,0,0,0,1,0,0,0,0,4,78,92,1
17,9982,802,10,1,0,0,0,0,0,1,0,0,0,1,0,0,0,0,4,99,89,1
18,9932,473,2186,0,0,0,1,0,0,1,0,0,0,0,1,0,0,0,0,85,80,1
19,9612,854,1220,0,1,0,0,0,0,0,0,1,0,0,0,1,0,0,18,78,83,1
20,9636,451,22,0,0,0,1,0,0,1,0,0,0,0,0,0,1,0,4,89,89,1
21,9544,833,378,0,0,0,1,0,1,0,0,0,1,0,0,0,0,0,10,88,97,1
22,9848,216,10,1,0,0,0,0,1,0,0,0,0,0,0,0,0,1,4,75,96,1
23,9521,369,2920,1,0,0,0,0,0,0,1,0,0,0,0,1,0,0,15,90,85,1
24,9690,877,10,0,0,0,1,0,0,1,0,0,0,0,1,0,0,0,12,83,94,1
25,9660,598,2011,1,0,0,0,0,1,0,0,0,0,0,1,0,0,0,8,80,98,1
26,9867,189,4120,0,0,0,1,0,0,0,0,1,0,0,1,0,0,0,4,81,99,1
27,9704,990,2460,0,1,0,0,0,0,1,0,0,0,0,1,0,0,0,20,80,79,1
28,9890,109,3980,0,0,0,1,1,0,0,0,0,0,0,1,0,0,0,16,75,90,1
29,9835,870,1223,0,1,0,0,1,0,0,0,0,1,0,0,0,0,0,4,94,87,1
30,9791,637,22,0,0,1,0,0,0,0,0,1,0,0,0,1,0,0,4,95,72,1
31,9974,456,665,0,0,1,0,0,1,0,0,0,0,0,1,0,0,0,4,74,92,1
32,9741,413,2601,0,1,0,0,0,1,0,0,0,0,0,0,0,0,1,21,87,94,1
33,9699,357,3036,0,1,0,0,0,1,0,0,0,0,0,1,0,0,0,4,80,77,1
34,9858,1,4912,0,0,1,0,0,0,0,0,1,0,0,0,0,0,1,13,74,95,1
35,9729,135,941,0,0,1,0,0,0,1,0,0,0,0,0,0,0,1,19,95,98,1
36,9895,624,2110,1,0,0,0,0,0,1,0,0,0,0,0,0,0,1,1,77,86,1
37,9966,339,22,0,1,0,0,0,0,0,0,1,0,0,0,0,0,1,5,87,94,1
38,9587,740,1343,0,1,0,0,0,0,0,0,1,0,0,0,0,0,1,20,85,70,1
39,9528,702,4603,0,0,0,1,0,0,0,1,0,0,0,0,0,0,1,9,74,74,1
40,9958,894,132,0,1,0,0,1,0,0,0,0,0,0,1,0,0,0,8,94,93,1
41,9583,808,10,0,0,1,0,0,0,0,0,1,0,0,0,1,0,0,19,72,74,1
42,9666,554,1513,0,0,0,1,0,0,1,0,0,0,0,0,0,1,0,19,96,97,1
43,9806,374,3842,1,0,0,0,0,1,0,0,0,0,0,0,0,1,0,13,80,75,1
44,9818,215,10,0,0,0,1,0,0,0,0,1,1,0,0,0,0,0,4,90,85,1
45,9622,596,1034,1,0,0,0,1,0,0,0,0,0,0,0,0,1,0,5,70,94,1
46,9658,15,1074,0,1,0,0,1,0,0,0,0,0,0,1,0,0,0,7,99,75,1
47,9572,57,567,0,0,1,0,0,0,0,1,0,0,0,1,0,0,0,4,77,85,1
48,9878,567,3541,0,1,0,0,1,0,0,0,0,0,0,0,1,0,0,17,72,78,1
49,9967,728,3856,0,0,0,1,0,1,0,0,0,0,0,0,0,0,1,4,84,80,1
50,9611,63,3079,1,0,0,0,0,1,0,0,0,0,0,0,1,0,0,8,85,83,1
51,9977,112,1665,0,0,1,0,0,0,0,0,1,0,0,0,0,0,1,8,79,98,1
52,9888,278,1853,0,1,0,0,1,0,0,0,0,1,0,0,0,0,0,11,97,72,1
53,9724,613,1597,0,0,0,1,0,0,1,0,0,0,0,0,0,0,1,7,99,75,1
54,9889,767,10,0,1,0,0,0,0,0,1,0,0,0,0,0,0,1,16,77,96,1
55,9664,427,2983,1,0,0,0,0,0,0,0,1,0,0,1,0,0,0,4,70,78,1
56,9814,854,10,0,0,1,0,1,0,0,0,0,0,0,0,0,0,1,9,99,82,1
57,9614,200,1535,1,0,0,0,0,0,0,0,1,0,1,0,0,0,0,15,73,84,1
58,9924,168,1772,0,1,0,0,1,0,0,0,0,0,0,1,0,0,0,4,96,89,1
59,9692,573,10,0,1,0,0,0,0,0,0,1,0,0,0,0,1,0,14,97,85,1
60,9972,561,1144,0,0,1,0,1,0,0,0,0,0,0,0,0,1,0,19,83,79,1
61,9715,356,802,0,0,0,1,0,0,1,0,0,0,0,0,1,0,0,2,92,74,1
62,9586,456,889,1,0,0,0,0,0,1,0,0,0,0,0,1,0,0,14,96,77,1
63,9899,551,2894,0,0,1,0,0,1,0,0,0,0,0,0,0,1,0,6,88,72,1
64,9753,188,3578,0,0,1,0,1,0,0,0,0,0,0,0,0,1,0,3,85,90,1
65,9807,405,1495,0,1,0,0,0,0,0,0,1,0,0,0,1,0,0,4,72,82,1
66,9896,277,7801,1,0,0,0,0,0,0,0,1,0,0,0,1,0,0,15,92,74,1
67,9677,741,2035,0,0,1,0,0,0,0,0,1,0,0,0,0,0,1,4,86,93,1
68,9590,118,913,0,1,0,0,0,1,0,0,0,0,0,0,0,1,0,0,82,82,1
69,9642,516,395,1,0,0,0,0,0,0,0,1,0,0,1,0,0,0,4,78,88,1
70,9740,257,2727,0,0,1,0,1,0,0,0,0,0,1,0,0,0,0,13,80,75,1
71,9870,307,1157,0,0,0,1,1,0,0,0,0,0,0,0,0,0,1,11,96,91,1
72,9696,720,22,0,0,0,1,0,0,1,0,0,0,1,0,0,0,0,20,78,91,1
73,9838,758,2063,0,0,0,1,0,0,0,0,1,0,0,0,0,0,1,7,95,77,1
74,9731,608,5450,0,0,1,0,0,0,0,1,0,0,0,0,1,0,0,21,89,77,1
75,9680,871,1691,0,1,0,0,0,0,0,0,1,0,0,0,0,1,0,4,99,84,1
76,9852,788,1919,1,0,0,0,0,1,0,0,0,0,1,0,0,0,0,23,79,87,1
77,9901,766,1254,0,0,0,1,0,0,0,0,1,0,0,0,0,1,0,4,84,88,1
78,9682,174,22,0,0,0,1,1,0,0,0,0,1,0,0,0,0,0,15,78,85,1
79,9946,556,659,0,1,0,0,0,0,0,1,0,1,0,0,0,0,0,11,72,85,1
80,9616,970,10,1,0,0,0,0,0,0,1,0,0,0,1,0,0,0,3,91,94,1
81,9957,802,10,1,0,0,0,0,0,1,0,0,0,0,0,0,0,1,21,97,72,1
82,9659,125,10,1,0,0,0,0,1,0,0,0,0,0,1,0,0,0,4,96,93,1
83,9605,37,2440,0,0,1,0,1,0,0,0,0,0,0,0,0,1,0,9,71,91,1
84,9980,529,3512,0,0,0,1,0,0,0,1,0,0,0,1,0,0,0,3,81,97,1
85,9983,525,10,1,0,0,0,0,0,0,1,0,0,0,1,0,0,0,14,97,96,1
86,9859,926,10,0,1,0,0,0,0,0,1,0,1,0,0,0,0,0,20,93,81,1
87,9906,937,2879,0,1,0,0,0,0,1,0,0,0,0,0,0,0,1,17,87,91,1
88,9714,568,860,0,0,1,0,0,0,0,1,0,0,0,0,0,0,1,10,79,99,1
89,9535,988,2185,0,1,0,0,0,0,1,0,0,0,1,0,0,0,0,11,99,71,1
90,9604,812,10,1,0,0,0,0,1,0,0,0,0,0,0,0,1,0,11,95,89,1
91,9905,553,22,0,1,0,0,0,0,0,0,1,1,0,0,0,0,0,0,70,85,1
92,9832,86,2355,1,0,0,0,0,0,0,1,0,1,0,0,0,0,0,4,97,76,1
93,9792,882,22,0,0,1,0,0,0,0,1,0,0,0,0,1,0,0,4,70,87,1
94,9624,693,986,0,1,0,0,0,0,1,0,0,0,0,1,0,0,0,4,95,74,1
95,9800,595,1783,0,0,0,1,0,0,0,0,1,1,0,0,0,0,0,12,99,97,1
96,9594,773,10,1,0,0,0,0,1,0,0,0,1,0,0,0,0,0,3,70,93,1
97,9780,46,2273,0,0,0,1,0,1,0,0,0,0,0,0,0,1,0,10,92,90,1
98,9584,818,22,0,0,0,1,0,0,1,0,0,0,0,1,0,0,0,9,94,87,1
99,9547,275,787,0,0,0,1,0,1,0,0,0,0,1,0,0,0,0,5,78,73,1
100,9674,739,22,0,0,1,0,0,0,1,0,0,1,0,0,0,0,0,6,98,97,1
101,9506,621,2883,0,1,0,0,0,0,0,0,1,0,0,0,0,1,0,13,79,97,1
102,9794,67,643,0,0,0,1,0,0,0,1,0,0,1,0,0,0,0,4,72,91,1
103,9809,507,554,0,0,0,1,0,0,0,0,1,0,0,0,0,0,1,21,85,72,1
104,9900,541,3476,0,0,0,1,0,0,0,0,1,0,1,0,0,0,0,22,91,97,1
105,9606,412,2389,0,1,0,0,1,0,0,0,0,0,1,0,0,0,0,19,99,78,1
106,9773,865,22,0,0,0,1,0,1,0,0,0,0,0,0,0,0,1,2,80,85,1
107,9973,980,22,0,0,0,1,0,0,0,1,0,0,0,0,0,0,1,4,96,88,1
108,9580,248,1659,0,0,0,1,0,0,1,0,0,1,0,0,0,0,0,16,86,99,1
109,9952,958,733,0,1,0,0,0,0,0,1,0,0,0,0,1,0,0,17,92,89,1
110,9589,773,2016,0,0,1,0,0,0,0,1,0,0,0,0,1,0,0,18,99,70,1
111,9706,528,913,1,0,0,0,0,0,0,1,0,0,0,0,0,1,0,18,96,76,1
112,9940,937,1271,0,0,0,1,0,1,0,0,0,0,1,0,0,0,0,7,73,92,1
113,9598,243,2665,0,0,1,0,1,0,0,0,0,0,1,0,0,0,0,4,99,73,1
114,9735,818,4178,1,0,0,0,0,0,1,0,0,0,0,0,0,1,0,4,90,87,1
115,9954,266,2557,0,0,0,1,0,0,1,0,0,1,0,0,0,0,0,4,74,79,1
116,9821,743,22,1,0,0,0,0,0,0,0,1,1,0,0,0,0,0,6,98,94,1
117,9759,952,10,0,1,0,0,0,0,1,0,0,0,0,0,1,0,0,20,81,74,1
118,9951,336,4555,0,0,0,1,0,0,0,1,0,1,0,0,0,0,0,23,84,82,1
119,9681,620,1187,0,1,0,0,0,1,0,0,0,0,0,0,0,0,1,4,78,99,1
120,9548,860,5955,0,1,0,0,0,0,0,0,1,0,0,0,0,0,1,8,73,99,1
121,9609,974,1868,0,1,0,0,0,0,1,0,0,0,0,0,1,0,0,22,94,92,1
122,9558,114,22,1,0,0,0,0,0,0,0,1,1,0,0,0,0,0,6,95,88,1
123,9775,658,10,0,0,0,1,0,0,0,1,0,1,0,0,0,0,0,4,90,76,1
124,9593,201,9647,0,0,1,0,0,0,0,0,1,0,0,1,0,0,0,23,73,77,1
125,9552,407,405,0,1,0,0,0,0,0,0,1,0,0,0,1,0,0,2,83,92,1
126,9981,645,1609,0,0,0,1,1,0,0,0,0,1,0,0,0,0,0,13,93,78,1
127,9687,366,3471,0,1,0,0,0,1,0,0,0,0,1,0,0,0,0,4,95,72,1
128,9651,55,612,0,0,1,0,1,0,0,0,0,1,0,0,0,0,0,13,82,79,1
129,9618,174,22,1,0,0,0,0,0,0,0,1,0,0,0,0,0,1,20,85,82,1
130,9523,906,10,0,0,1,0,0,0,1,0,0,0,0,1,0,0,0,7,90,92,1
131,9570,341,179,0,1,0,0,0,0,0,1,0,0,0,1,0,0,0,3,82,85,1
132,9828,257,3293,1,0,0,0,0,0,1,0,0,1,0,0,0,0,0,4,92,84,1
133,9843,462,837,0,1,0,0,0,1,0,0,0,0,1,0,0,0,0,17,95,89,1
134,9785,350,1208,0,0,1,0,0,0,0,1,0,0,0,0,1,0,0,4,84,82,1
135,9793,298,3238,0,0,1,0,0,0,0,0,1,0,0,0,0,0,1,4,91,79,1
136,9866,269,22,0,0,1,0,0,0,1,0,0,1,0,0,0,0,0,12,81,96,1
137,9707,134,2980,0,0,0,1,1,0,0,0,0,0,0,0,0,0,1,2,89,81,1
138,9767,491,123,1,0,0,0,0,0,1,0,0,0,0,1,0,0,0,20,81,84,1
139,9530,630,10,0,0,1,0,1,0,0,0,0,0,0,0,0,1,0,18,91,86,1
140,9865,543,10,0,1,0,0,0,1,0,0,0,0,0,1,0,0,0,8,85,75,1
141,9805,862,2869,1,0,0,0,1,0,0,0,0,0,0,0,0,1,0,21,97,96,1
142,9641,737,22,0,0,0,1,0,0,0,0,1,1,0,0,0,0,0,4,97,73,1
143,9743,219,10,0,0,1,0,0,0,0,0,1,0,0,1,0,0,0,17,79,93,1
144,9653,633,3454,1,0,0,0,0,0,0,1,0,0,0,0,0,0,1,13,98,76,1
145,9771,584,2182,1,0,0,0,0,0,0,1,0,0,0,1,0,0,0,0,75,90,1
146,9679,80,402,0,1,0,0,0,0,0,0,1,0,0,0,0,1,0,5,88,97,1
147,9635,939,1011,0,1,0,0,0,0,1,0,0,0,0,0,1,0,0,3,75,88,1
148,9627,98,822,0,0,0,1,0,1,0,0,0,0,0,1,0,0,0,11,94,82,1
149,9936,940,2378,0,1,0,0,0,0,1,0,0,1,0,0,0,0,0,11,97,78,1
150,9810,241,2758,1,0,0,0,0,0,0,0,1,1,0,0,0,0,0,11,96,86,1
151,9713,761,422,0,0,1,0,0,1,0,0,0,0,0,1,0,0,0,6,75,92,1
152,9815,663,1552,0,0,0,1,0,0,1,0,0,0,0,1,0,0,0,2,71,92,1
153,9917,361,4946,0,0,1,0,0,0,0,1,0,0,0,0,0,1,0,4,81,92,1
154,9862,958,10,1,0,0,0,1,0,0,0,0,0,0,1,0,0,0,15,79,81,1
155,9730,926,4694,1,0,0,0,1,0,0,0,0,0,0,0,1,0,0,10,74,73,1
156,9543,943,1615,0,0,1,0,0,0,1,0,0,1,0,0,0,0,0,8,98,70,1
157,9801,40,650,0,0,0,1,0,1,0,0,0,0,1,0,0,0,0,4,78,75,1
158,9987,769,4524,0,0,1,0,0,1,0,0,0,0,0,0,0,1,0,9,79,99,1
159,9726,538,2227,0,0,1,0,0,1,0,0,0,0,0,0,0,0,1,13,72,77,1
160,9561,788,1557,0,0,1,0,0,0,0,1,0,0,1,0,0,0,0,12,87,91,1
161,9883,399,2325,0,0,1,0,0,0,0,1,0,0,0,0,1,0,0,16,91,84,1
162,9755,367,2364,0,0,1,0,1,0,0,0,0,0,0,1,0,0,0,4,87,72,1
163,9640,306,1440,1,0,0,0,0,0,0,1,0,0,0,0,0,0,1,13,96,79,1
164,9769,575,22,1,0,0,0,0,1,0,0,0,1,0,0,0,0,0,9,81,94,1
165,9747,423,11628,0,0,1,0,0,0,1,0,0,0,0,0,1,0,0,23,95,94,1
166,9752,466,10,1,0,0,0,0,0,0,1,0,0,0,0,1,0,0,17,96,70,1
167,9768,428,1767,0,1,0,0,0,0,0,1,0,0,0,0,0,1,0,12,79,85,1
168,9851,430,982,0,0,0,1,0,0,0,1,0,0,0,1,0,0,0,18,78,82,1
169,9511,532,10,0,0,1,0,0,0,1,0,0,0,0,0,0,1,0,6,77,73,1
170,9541,123,1598,0,1,0,0,1,0,0,0,0,0,1,0,0,0,0,23,80,84,1
171,9516,260,3391,1,0,0,0,0,1,0,0,0,0,0,1,0,0,0,21,83,72,1
172,9872,13,2924,0,0,0,1,1,0,0,0,0,0,0,0,0,1,0,4,76,86,1
173,9796,672,3779,0,0,1,0,0,0,1,0,0,0,0,0,0,0,1,4,84,70,1
174,9531,657,10,0,0,0,1,0,0,0,0,1,1,0,0,0,0,0,23,94,71,1
175,9945,283,22,0,0,0,1,0,0,0,1,0,0,0,0,0,0,1,4,90,82,1
176,9591,745,652,1,0,0,0,1,0,0,0,0,0,0,0,0,0,1,4,83,88,1
177,9742,825,187,0,1,0,0,0,0,1,0,0,0,0,0,0,0,1,2,76,80,1
178,9926,185,2132,0,0,0,1,0,1,0,0,0,1,0,0,0,0,0,9,90,73,1
179,9588,316,1228,0,0,0,1,0,1,0,0,0,0,0,0,0,0,1,17,91,90,1
180,9968,658,937,1,0,0,0,0,0,0,1,0,1,0,0,0,0,0,4,76,70,1
181,9574,937,1122,1,0,0,0,0,0,0,0,1,1,0,0,0,0,0,23,82,86,1
182,9673,487,407,1,0,0,0,0,0,0,1,0,0,0,0,1,0,0,4,97,73,1
183,9683,675,3462,0,0,0,1,0,0,1,0,0,0,1,0,0,0,0,1,90,93,1
184,9633,783,5446,1,0,0,0,0,0,0,0,1,0,1,0,0,0,0,22,84,92,1
185,9902,239,1766,0,0,1,0,0,0,0,0,1,0,0,0,0,1,0,5,74,70,1
186,9928,440,151,1,0,0,0,0,0,1,0,0,0,0,0,0,0,1,3,74,97,1
187,9626,856,684,0,0,1,0,1,0,0,0,0,0,0,0,0,0,1,14,76,84,1
188,9847,955,3199,0,0,1,0,0,1,0,0,0,0,0,1,0,0,0,12,80,77,1
189,9964,271,1421,0,1,0,0,0,1,0,0,0,1,0,0,0,0,0,0,89,95,1
190,9908,465,4031,0,0,0,1,0,0,0,1,0,0,0,0,0,0,1,4,96,96,1
191,9536,473,1465,0,1,0,0,0,0,1,0,0,0,1,0,0,0,0,22,99,91,1
192,9739,760,10,0,1,0,0,0,1,0,0,0,0,0,0,1,0,0,4,86,71,1
193,9996,390,22,0,1,0,0,0,1,0,0,0,0,0,0,1,0,0,5,89,99,1
194,9529,318,1024,1,0,0,0,0,0,1,0,0,0,0,0,0,0,1,0,90,82,1
195,9778,959,1841,0,1,0,0,0,0,0,0,1,0,1,0,0,0,0,5,73,96,1
196,9518,810,7504,0,0,1,0,1,0,0,0,0,0,0,0,1,0,0,12,93,93,1
197,9766,159,22,1,0,0,0,1,0,0,0,0,0,0,0,0,1,0,11,72,78,1
198,9720,601,2587,1,0,0,0,0,0,0,1,0,0,0,1,0,0,0,7,84,88,1
199,9919,708,2237,0,0,0,1,1,0,0,0,0,1,0,0,0,0,0,23,82,82,1
200,9863,270,6253,0,0,0,1,0,0,0,0,1,1,0,0,0,0,0,1,95,74,1
201,9765,713,10,0,0,1,0,0,1,0,0,0,0,1,0,0,0,0,4,83,89,1
202,9504,167,1783,0,0,0,1,1,0,0,0,0,0,0,0,0,1,0,5,93,87,1
203,9836,944,2330,0,0,0,1,1,0,0,0,0,1,0,0,0,0,0,13,85,70,1
204,9581,94,10,1,0,0,0,0,0,0,0,1,1,0,0,0,0,0,2,95,82,1
205,9563,868,2605,1,0,0,0,0,0,0,1,0,0,1,0,0,0,0,8,95,87,1
206,9790,104,22,0,0,0,1,0,0,0,0,1,0,1,0,0,0,0,17,94,98,1
207,9684,124,2149,1,0,0,0,0,1,0,0,0,0,0,0,1,0,0,14,71,80,1
208,9837,797,10,0,0,1,0,1,0,0,0,0,0,0,1,0,0,0,2,81,77,1
209,9569,766,10,0,1,0,0,0,0,0,1,0,0,0,0,0,1,0,2,92,87,1
210,9812,338,2645,0,0,0,1,0,1,0,0,0,0,0,0,0,1,0,16,76,92,1
211,9822,15,4150,0,1,0,0,0,1,0,0,0,1,0,0,0,0,0,8,76,85,1
212,9920,282,2400,0,0,1,0,0,0,1,0,0,0,0,0,0,1,0,4,93,99,1
213,9907,957,2993,0,0,1,0,0,0,0,0,1,0,0,1,0,0,0,4,75,96,1
214,9694,251,3149,1,0,0,0,0,1,0,0,0,0,0,0,0,1,0,18,75,73,1
215,9503,588,2613,0,0,1,0,1,0,0,0,0,0,0,0,0,1,0,5,76,78,1
216,9761,664,1638,1,0,0,0,1,0,0,0,0,0,0,1,0,0,0,9,78,73,1
217,9885,551,10,0,0,1,0,0,0,0,1,0,0,0,1,0,0,0,13,78,91,1
218,9994,689,1853,0,0,1,0,1,0,0,0,0,1,0,0,0,0,0,8,84,71,1
219,9749,388,10,0,1,0,0,0,0,0,0,1,1,0,0,0,0,0,4,84,79,1
220,9819,867,691,0,1,0,0,0,0,0,1,0,0,0,0,1,0,0,2,98,88,1
221,9970,607,22,0,0,1,0,0,0,0,0,1,0,0,0,1,0,0,4,96,91,1
222,9930,638,10,0,1,0,0,1,0,0,0,0,0,0,1,0,0,0,22,76,87,1
223,9845,623,7029,0,1,0,0,0,0,0,1,0,0,0,0,0,1,0,6,93,71,1
224,9783,721,518,0,0,1,0,0,0,0,1,0,0,0,0,0,1,0,3,76,92,1
225,9667,78,2039,0,0,0,1,1,0,0,0,0,0,0,1,0,0,0,11,70,78,1
226,9976,530,2313,0,0,0,1,0,0,1,0,0,0,1,0,0,0,0,15,90,91,1
227,9620,971,10,0,1,0,0,0,0,0,1,0,0,0,1,0,0,0,4,86,84,1
228,9935,731,2323,1,0,0,0,0,0,0,1,0,0,0,1,0,0,0,22,75,74,1
229,9991,632,10,0,0,1,0,0,0,1,0,0,0,1,0,0,0,0,3,93,83,1
230,9628,225,22,0,1,0,0,0,0,1,0,0,0,0,1,0,0,0,18,79,73,1
231,9963,739,5230,0,0,1,0,0,0,0,1,0,0,0,0,0,0,1,21,78,92,1
232,9621,993,562,0,0,0,1,0,1,0,0,0,0,0,0,0,0,1,4,79,86,1
233,9789,444,2101,0,0,1,0,0,0,0,0,1,0,0,0,1,0,0,4,88,99,1
234,9727,260,843,1,0,0,0,0,0,1,0,0,0,0,0,0,0,1,4,90,86,1
235,9722,900,163,1,0,0,0,0,1,0,0,0,0,1,0,0,0,0,21,90,94,1
236,9760,269,10,0,0,0,1,0,0,0,1,0,0,0,0,0,1,0,3,74,90,1
237,9568,438,22,0,1,0,0,0,0,0,1,0,0,0,1,0,0,0,6,95,73,1
238,9736,846,10,0,0,1,0,0,0,1,0,0,0,0,1,0,0,0,12,95,77,1
239,9860,55,3464,1,0,0,0,1,0,0,0,0,0,0,1,0,0,0,4,79,85,1
240,9824,300,2068,0,1,0,0,1,0,0,0,0,0,0,0,0,0,1,4,84,81,1
241,9734,788,1393,0,1,0,0,0,0,0,1,0,1,0,0,0,0,0,3,86,86,1
242,9700,325,949,1,0,0,0,0,0,1,0,0,0,0,1,0,0,0,18,83,92,1
243,9501,337,10,0,1,0,0,1,0,0,0,0,0,1,0,0,0,0,20,88,75,1
244,9918,718,7653,0,1,0,0,0,0,0,1,0,0,0,0,1,0,0,21,93,72,1
245,9879,751,2828,0,1,0,0,0,0,0,0,1,0,0,0,0,0,1,13,70,89,1
246,9539,53,2792,0,0,0,1,0,1,0,0,0,0,0,0,0,0,1,21,83,76,1
247,9533,861,5320,0,0,0,1,0,0,0,1,0,0,0,1,0,0,0,4,83,75,1
248,9826,780,690,0,1,0,0,0,0,1,0,0,0,0,1,0,0,0,0,78,88,1
249,9502,407,1421,0,1,0,0,0,0,0,0,1,0,1,0,0,0,0,5,83,86,1
250,9022,672,103,0,0,1,0,0,0,0,1,0,0,1,0,0,0,0,15,17,2,0
251,2612,461,140,0,0,1,0,1,0,0,0,0,1,0,0,0,0,0,6,4,20,0
252,636,752,175,0,1,0,0,0,1,0,0,0,1,0,0,0,0,0,19,1,19,0
253,692,882,7,1,0,0,0,0,0,0,1,0,0,0,0,1,0,0,16,9,1,0
254,1026,217,114,1,0,0,0,0,1,0,0,0,0,0,0,0,0,1,23,8,5,0
255,2068,398,89,0,1,0,0,0,0,0,0,1,0,0,0,0,1,0,11,7,25,0
256,11,451,80,0,0,0,1,1,0,0,0,0,0,1,0,0,0,0,18,3,0,0
257,4857,237,152,0,0,1,0,0,0,0,1,0,0,0,0,1,0,0,13,16,12,0
258,1665,221,117,0,0,1,0,1,0,0,0,0,0,1,0,0,0,0,10,19,13,0
259,41,304,67,0,0,1,0,0,0,0,1,0,1,0,0,0,0,0,16,27,8,0
260,19,56,133,0,0,0,1,0,1,0,0,0,1,0,0,0,0,0,13,15,18,0
261,2711,493,115,0,0,1,0,0,0,0,0,1,0,0,0,0,0,1,23,28,14,0
262,2924,867,13,0,0,0,1,0,0,0,0,1,0,0,0,0,0,1,11,6,22,0
263,5254,682,136,0,0,0,1,0,0,0,1,0,0,0,0,0,0,1,21,29,11,0
264,3132,673,71,1,0,0,0,1,0,0,0,0,0,0,0,0,1,0,12,13,15,0
265,2318,62,9,0,1,0,0,0,1,0,0,0,0,0,0,0,0,1,22,20,10,0
266,2695,881,73,0,0,0,1,0,0,1,0,0,0,0,0,0,0,1,18,17,28,0
267,3560,486,138,0,0,1,0,1,0,0,0,0,0,0,0,0,1,0,15,0,20,0
268,3936,181,106,0,1,0,0,0,0,0,0,1,0,0,0,1,0,0,7,13,25,0
269,423,939,124,0,0,1,0,0,1,0,0,0,0,0,0,1,0,0,18,3,26,0
270,2614,902,110,1,0,0,0,0,0,0,0,1,0,0,0,1,0,0,14,12,24,0
271,110,230,112,0,1,0,0,1,0,0,0,0,0,0,0,0,1,0,21,1,9,0
272,794,701,156,0,1,0,0,0,0,0,0,1,0,0,0,1,0,0,12,10,24,0
273,265,226,92,0,0,1,0,1,0,0,0,0,0,0,0,0,0,1,18,11,28,0
274,259,354,186,0,0,1,0,0,0,1,0,0,0,0,0,0,0,1,10,23,14,0
275,3793,890,1,0,1,0,0,0,0,0,1,0,0,0,0,0,0,1,14,2,15,0
276,1188,943,196,0,0,1,0,0,0,0,1,0,0,0,0,0,0,1,9,28,4,0
277,726,270,51,1,0,0,0,0,1,0,0,0,0,1,0,0,0,0,10,8,21,0
278,5824,492,92,0,0,0,1,1,0,0,0,0,0,1,0,0,0,0,11,17,16,0
279,738,993,134,1,0,0,0,1,0,0,0,0,0,0,0,0,0,1,9,27,12,0
280,499,452,210,0,1,0,0,1,0,0,0,0,1,0,0,0,0,0,12,20,29,0
281,335,674,69,0,0,0,1,1,0,0,0,0,0,0,0,0,1,0,6,9,15,0
282,228,174,82,1,0,0,0,1,0,0,0,0,0,0,0,0,0,1,20,28,19,0
283,7061,234,21,1,0,0,0,1,0,0,0,0,0,0,0,0,0,1,16,15,9,0
284,8106,132,70,1,0,0,0,0,0,0,0,1,0,0,0,0,0,1,22,20,5,0
285,7905,474,221,1,0,0,0,0,1,0,0,0,0,0,0,0,0,1,12,3,24,0
286,992,879,158,0,1,0,0,0,0,0,1,0,0,0,0,0,0,1,16,26,20,0
287,219,217,48,0,1,0,0,0,0,0,1,0,1,0,0,0,0,0,12,16,14,0
288,5560,422,171,0,1,0,0,0,0,1,0,0,0,1,0,0,0,0,22,10,19,0
289,6655,780,83,0,1,0,0,0,1,0,0,0,0,0,0,1,0,0,20,9,14,0
290,2882,860,42,0,0,1,0,0,1,0,0,0,0,0,0,0,1,0,21,0,12,0
291,8715,462,95,1,0,0,0,0,0,0,1,0,0,0,0,1,0,0,15,17,0,0
292,1160,72,134,0,1,0,0,0,0,0,1,0,0,1,0,0,0,0,12,3,3,0
293,5607,699,146,1,0,0,0,0,0,0,0,1,0,0,0,0,0,1,18,11,4,0
294,6920,56,113,0,1,0,0,0,1,0,0,0,0,0,0,1,0,0,6,7,13,0
295,9174,338,1,0,1,0,0,0,0,0,1,0,0,0,0,1,0,0,20,22,3,0
296,7401,763,81,0,0,0,1,1,0,0,0,0,0,0,0,0,0,1,17,1,8,0
297,1217,869,103,1,0,0,0,0,0,0,1,0,0,0,0,0,1,0,14,7,15,0
298,3458,501,85,0,1,0,0,1,0,0,0,0,1,0,0,0,0,0,9,22,27,0
299,7365,622,78,0,0,1,0,0,0,1,0,0,0,0,0,0,1,0,16,21,21,0
300,637,834,43,0,0,0,1,0,0,0,1,0,0,0,0,0,1,0,7,8,3,0
301,8235,729,133,1,0,0,0,0,1,0,0,0,0,0,0,0,1,0,8,19,25,0
302,6889,830,101,0,1,0,0,0,0,0,0,1,0,0,0,0,0,1,23,21,12,0
303,3738,605,94,0,0,1,0,0,0,0,0,1,0,0,0,1,0,0,21,29,14,0
304,3004,926,52,0,1,0,0,0,0,0,0,1,0,0,0,1,0,0,12,17,1,0
305,6598,716,52,0,1,0,0,0,0,1,0,0,0,0,0,1,0,0,20,24,10,0
306,4327,611,47,0,0,0,1,1,0,0,0,0,0,1,0,0,0,0,21,9,14,0
307,3042,194,53,0,0,0,1,0,0,0,1,0,0,0,0,1,0,0,12,16,14,0
308,6051,655,143,0,0,0,1,0,0,0,0,1,0,0,0,1,0,0,19,3,6,0
309,2487,191,173,1,0,0,0,0,0,0,1,0,0,0,0,1,0,0,7,27,23,0
310,663,153,109,1,0,0,0,0,0,0,0,1,0,1,0,0,0,0,21,24,22,0
311,6426,900,149,0,0,0,1,0,0,0,0,1,0,0,0,0,0,1,8,3,2,0
312,2146,71,114,0,0,1,0,1,0,0,0,0,1,0,0,0,0,0,17,22,3,0
313,2340,675,127,0,0,1,0,0,0,0,1,0,0,1,0,0,0,0,22,10,17,0
314,8540,155,82,1,0,0,0,0,0,0,0,1,1,0,0,0,0,0,21,22,1,0
315,6955,707,40,1,0,0,0,0,1,0,0,0,0,0,0,1,0,0,7,5,28,0
316,5731,689,101,0,1,0,0,0,0,1,0,0,0,0,0,0,1,0,18,19,22,0
317,2719,145,1,1,0,0,0,0,0,1,0,0,0,0,0,0,1,0,19,7,20,0
318,7661,85,89,1,0,0,0,1,0,0,0,0,0,1,0,0,0,0,21,19,10,0
319,8671,151,160,0,1,0,0,0,0,0,1,0,0,1,0,0,0,0,12,0,10,0
320,7042,337,56,0,1,0,0,0,0,0,1,0,0,0,0,1,0,0,17,23,7,0
321,898,127,102,1,0,0,0,0,0,1,0,0,0,0,0,1,0,0,21,1,13,0
322,828,976,37,0,0,0,1,0,1,0,0,0,1,0,0,0,0,0,13,23,5,0
323,8657,381,56,0,0,0,1,0,0,1,0,0,0,1,0,0,0,0,20,28,15,0
324,2648,825,22,0,0,1,0,1,0,0,0,0,0,0,0,0,0,1,23,29,10,0
325,140,881,135,1,0,0,0,0,1,0,0,0,0,0,0,1,0,0,9,28,16,0
326,446,361,201,0,1,0,0,0,0,0,0,1,0,1,0,0,0,0,19,4,0,0
327,4484,852,92,0,0,1,0,0,1,0,0,0,0,0,0,1,0,0,6,9,1,0
328,4802,435,19,0,0,1,0,0,1,0,0,0,1,0,0,0,0,0,21,25,1,0
329,552,885,119,0,0,0,1,0,0,1,0,0,1,0,0,0,0,0,8,2,17,0
330,1764,925,13,0,1,0,0,0,0,0,0,1,0,0,0,0,0,1,7,26,27,0
331,7694,160,108,1,0,0,0,0,0,1,0,0,0,0,0,0,0,1,11,15,5,0
332,4847,807,162,0,1,0,0,0,0,1,0,0,0,1,0,0,0,0,23,16,2,0
333,4282,93,96,0,0,1,0,1,0,0,0,0,0,0,0,1,0,0,22,9,21,0
334,3915,748,87,0,0,0,1,0,0,0,0,1,0,1,0,0,0,0,21,23,19,0
335,8532,296,49,1,0,0,0,0,0,0,0,1,0,0,0,1,0,0,11,28,15,0
336,4482,896,47,1,0,0,0,0,1,0,0,0,0,1,0,0,0,0,14,2,8,0
337,4880,618,46,0,0,0,1,0,1,0,0,0,0,0,0,1,0,0,20,26,24,0
338,932,239,94,0,0,1,0,0,0,0,0,1,0,0,0,1,0,0,11,19,18,0
339,4617,96,126,1,0,0,0,0,0,0,0,1,1,0,0,0,0,0,11,0,19,0
340,8742,792,99,0,1,0,0,0,0,1,0,0,0,0,0,0,1,0,16,14,5,0
341,7093,58,104,0,1,0,0,0,0,0,0,1,1,0,0,0,0,0,6,3,3,0
342,6016,776,67,1,0,0,0,0,0,1,0,0,0,0,0,0,0,1,22,27,25,0
343,6262,628,140,0,1,0,0,1,0,0,0,0,0,0,0,0,1,0,9,13,2,0
344,2228,237,86,1,0,0,0,1,0,0,0,0,0,0,0,0,0,1,10,8,18,0
345,303,539,77,0,1,0,0,0,1,0,0,0,0,1,0,0,0,0,10,12,8,0
346,8725,245,111,0,1,0,0,1,0,0,0,0,1,0,0,0,0,0,16,5,27,0
347,1409,117,1,1,0,0,0,0,0,1,0,0,0,0,0,0,0,1,12,16,15,0
348,8922,320,163,0,0,0,1,0,0,0,0,1,0,1,0,0,0,0,11,12,19,0
349,5345,50,242,0,0,1,0,0,1,0,0,0,0,0,0,0,1,0,20,3,25,0
350,8880,520,77,0,1,0,0,0,0,1,0,0,0,0,0,0,1,0,11,0,18,0
351,968,123,91,0,0,0,1,0,0,0,0,1,0,0,0,1,0,0,16,15,29,0
352,4431,240,46,0,0,1,0,0,0,0,0,1,0,0,0,0,1,0,10,7,21,0
353,6088,787,119,0,1,0,0,0,0,1,0,0,1,0,0,0,0,0,17,2,2,0
354,127,336,89,1,0,0,0,0,1,0,0,0,0,0,0,1,0,0,22,26,19,0
355,2434,898,122,0,1,0,0,0,0,0,0,1,0,0,0,0,1,0,9,6,12,0
356,432,607,9,0,0,1,0,1,0,0,0,0,0,0,0,0,1,0,22,7,24,0
357,4885,68,136,1,0,0,0,0,0,1,0,0,0,0,0,0,0,1,7,11,0,0
358,1562,413,56,1,0,0,0,0,0,1,0,0,0,0,0,0,1,0,12,5,18,0
359,4741,449,119,1,0,0,0,0,0,0,1,0,0,0,0,0,0,1,23,23,24,0
360,4122,920,41,0,1,0,0,0,1,0,0,0,1,0,0,0,0,0,18,17,8,0
361,3955,633,131,0,0,0,1,1,0,0,0,0,1,0,0,0,0,0,14,1,20,0
362,1139,261,157,0,1,0,0,0,1,0,0,0,0,0,0,1,0,0,12,21,10,0
363,1891,972,140,0,0,0,1,0,0,1,0,0,0,0,0,1,0,0,15,3,21,0
364,5517,997,142,0,1,0,0,0,0,0,0,1,0,0,0,0,1,0,8,9,2,0
365,5379,862,108,1,0,0,0,1,0,0,0,0,0,1,0,0,0,0,9,11,13,0
366,6494,396,68,1,0,0,0,1,0,0,0,0,0,1,0,0,0,0,6,2,19,0
367,1047,582,106,0,0,0,1,0,0,0,0,1,0,0,0,0,0,1,7,16,25,0
368,6295,691,61,0,1,0,0,1,0,0,0,0,0,1,0,0,0,0,19,26,4,0
369,6242,214,51,0,0,0,1,0,0,0,0,1,0,1,0,0,0,0,10,12,2,0
370,3578,522,144,0,0,0,1,0,0,0,1,0,0,1,0,0,0,0,13,0,22,0
371,7241,260,91,0,1,0,0,1,0,0,0,0,0,0,0,0,1,0,16,19,23,0
372,730,706,93,1,0,0,0,0,1,0,0,0,0,1,0,0,0,0,9,5,4,0
373,3108,407,9,1,0,0,0,0,0,0,1,0,1,0,0,0,0,0,23,14,13,0
374,4609,89,74,0,0,0,1,1,0,0,0,0,0,0,0,1,0,0,20,6,0,0
375,6148,57,19,0,1,0,0,0,1,0,0,0,1,0,0,0,0,0,11,25,7,0
376,5825,267,30,0,1,0,0,0,0,0,0,1,0,0,0,0,1,0,15,20,1,0
377,9182,691,111,0,0,0,1,1,0,0,0,0,0,1,0,0,0,0,10,15,27,0
378,8912,496,66,0,1,0,0,0,1,0,0,0,1,0,0,0,0,0,7,22,13,0
379,5111,545,72,0,1,0,0,0,0,1,0,0,0,0,0,0,0,1,14,26,26,0
380,2419,350,102,0,0,1,0,0,0,1,0,0,0,0,0,0,1,0,13,28,19,0
381,244,712,176,0,0,1,0,0,1,0,0,0,0,1,0,0,0,0,8,20,28,0
382,8357,379,123,1,0,0,0,0,0,0,0,1,0,0,0,1,0,0,20,27,20,0
383,8007,355,114,0,0,0,1,0,0,0,1,0,0,0,0,1,0,0,19,1,5,0
384,6594,116,72,1,0,0,0,0,1,0,0,0,0,0,0,1,0,0,8,12,25,0
385,8123,789,117,0,0,1,0,0,1,0,0,0,0,0,0,0,0,1,17,2,20,0
386,717,111,159,1,0,0,0,0,0,1,0,0,0,1,0,0,0,0,10,12,11,0
387,3347,942,93,1,0,0,0,1,0,0,0,0,0,1,0,0,0,0,9,27,23,0
388,9493,458,42,0,0,0,1,1,0,0,0,0,0,0,0,1,0,0,20,18,13,0
389,2917,897,80,0,0,0,1,1,0,0,0,0,0,0,0,0,1,0,12,1,10,0
390,859,890,95,0,0,0,1,0,1,0,0,0,0,0,0,0,1,0,11,10,24,0
391,3847,614,89,0,0,1,0,0,0,0,0,1,0,0,0,0,0,1,7,9,14,0
392,4314,447,101,0,1,0,0,0,0,0,0,1,0,1,0,0,0,0,13,28,10,0
393,512,2,35,0,1,0,0,0,1,0,0,0,0,0,0,0,1,0,17,0,26,0
394,1745,572,76,0,0,0,1,1,0,0,0,0,1,0,0,0,0,0,12,16,3,0
395,7572,998,106,0,0,0,1,1,0,0,0,0,0,0,0,1,0,0,23,6,11,0
396,3206,475,108,0,0,1,0,0,1,0,0,0,0,1,0,0,0,0,9,4,10,0
397,954,839,145,0,0,0,1,0,0,0,1,0,1,0,0,0,0,0,15,16,4,0
398,6529,891,43,1,0,0,0,0,0,1,0,0,0,0,0,0,1,0,11,5,11,0
399,4116,972,81,0,1,0,0,0,0,0,1,0,0,0,0,1,0,0,17,7,10,0
400,2509,778,125,0,1,0,0,1,0,0,0,0,0,0,0,0,0,1,9,16,21,0
401,602,170,29,0,0,0,1,0,1,0,0,0,0,0,0,0,1,0,22,18,19,0
402,5527,367,92,1,0,0,0,0,1,0,0,0,0,1,0,0,0,0,18,13,2,0
403,2767,529,7,0,0,1,0,1,0,0,0,0,1,0,0,0,0,0,15,19,2,0
404,4061,105,140,0,0,1,0,0,0,0,0,1,1,0,0,0,0,0,19,2,2,0
405,9332,157,113,0,0,0,1,0,0,0,1,0,1,0,0,0,0,0,9,25,22,0
406,8302,892,1,0,1,0,0,1,0,0,0,0,0,0,0,1,0,0,21,7,21,0
407,894,782,134,0,0,1,0,1,0,0,0,0,0,0,0,0,0,1,6,11,9,0
408,3783,849,58,1,0,0,0,1,0,0,0,0,0,0,0,1,0,0,20,12,5,0
409,8231,164,88,0,0,1,0,0,0,1,0,0,0,0,0,0,1,0,23,1,3,0
410,7804,328,127,0,1,0,0,0,0,0,0,1,0,1,0,0,0,0,7,20,19,0
411,5288,225,63,0,0,0,1,0,0,0,0,1,0,1,0,0,0,0,20,25,9,0
412,5608,418,42,0,1,0,0,0,0,0,0,1,0,0,0,0,0,1,10,21,14,0
413,6361,170,84,1,0,0,0,1,0,0,0,0,0,0,0,0,1,0,17,21,21,0
414,7428,894,95,0,1,0,0,0,0,0,0,1,0,0,0,0,0,1,9,22,19,0
415,5703,585,127,1,0,0,0,0,0,1,0,0,0,1,0,0,0,0,6,6,6,0
416,8271,636,190,0,0,0,1,0,0,1,0,0,0,0,0,1,0,0,11,6,15,0
417,1213,503,106,0,0,1,0,0,0,1,0,0,0,0,0,0,0,1,6,7,23,0
418,6577,731,84,1,0,0,0,0,0,0,0,1,0,0,0,1,0,0,8,20,22,0
419,8495,975,70,0,0,0,1,0,0,0,0,1,0,0,0,0,0,1,14,9,24,0
420,3604,223,1,0,0,0,1,1,0,0,0,0,0,0,0,0,1,0,8,9,10,0
421,6389,753,66,1,0,0,0,0,1,0,0,0,0,1,0,0,0,0,19,19,14,0
422,7239,474,97,0,0,1,0,0,0,0,0,1,0,1,0,0,0,0,9,18,21,0
423,1903,935,135,0,0,1,0,0,1,0,0,0,0,0,0,0,1,0,15,6,22,0
424,2478,551,183,0,1,0,0,1,0,0,0,0,1,0,0,0,0,0,21,18,15,0
425,2499,196,109,0,0,0,1,0,0,1,0,0,1,0,0,0,0,0,9,0,18,0
426,3227,940,158,0,1,0,0,0,0,0,1,0,1,0,0,0,0,0,22,24,14,0
427,8568,269,76,0,0,0,1,0,0,0,0,1,0,0,0,1,0,0,19,3,6,0
428,8821,50,152,0,1,0,0,0,1,0,0,0,0,0,0,0,1,0,13,6,29,0
429,7086,270,60,0,1,0,0,0,0,0,0,1,0,0,0,0,0,1,15,24,4,0
430,4299,441,41,0,0,0,1,0,0,0,1,0,0,0,0,0,1,0,10,11,4,0
431,7510,6,123,0,0,0,1,0,1,0,0,0,1,0,0,0,0,0,10,20,5,0
432,178,725,115,1,0,0,0,0,0,0,1,0,1,0,0,0,0,0,22,19,17,0
433,9457,794,143,0,0,0,1,0,0,1,0,0,0,1,0,0,0,0,7,19,7,0
434,3859,134,150,0,0,0,1,1,0,0,0,0,0,1,0,0,0,0,21,24,10,0
435,8915,534,20,0,0,0,1,0,1,0,0,0,0,1,0,0,0,0,16,17,3,0
436,5417,705,146,0,0,1,0,0,1,0,0,0,0,0,0,0,0,1,17,15,11,0
437,5764,722,99,0,0,1,0,0,0,1,0,0,0,1,0,0,0,0,10,6,12,0
438,1058,165,148,0,0,0,1,0,0,0,0,1,0,1,0,0,0,0,18,2,27,0
439,2156,698,63,1,0,0,0,0,0,1,0,0,0,1,0,0,0,0,15,11,12,0
440,3070,553,106,0,0,1,0,0,0,0,1,0,0,1,0,0,0,0,12,0,24,0
441,549,982,76,0,1,0,0,0,1,0,0,0,0,0,0,1,0,0,9,8,19,0
442,2632,431,102,0,1,0,0,0,0,1,0,0,1,0,0,0,0,0,21,20,18,0
443,8343,977,145,0,1,0,0,0,0,1,0,0,0,0,0,1,0,0,23,11,13,0
444,6667,431,68,0,0,1,0,0,0,0,0,1,0,0,0,1,0,0,22,22,3,0
445,2392,509,120,0,1,0,0,0,1,0,0,0,0,1,0,0,0,0,13,23,7,0
446,524,330,148,0,0,0,1,0,1,0,0,0,0,0,0,1,0,0,7,7,16,0
447,1344,661,120,1,0,0,0,0,0,1,0,0,0,0,0,0,1,0,9,26,25,0
448,9485,321,61,1,0,0,0,0,0,1,0,0,1,0,0,0,0,0,17,13,12,0
449,7849,530,55,0,0,1,0,0,0,0,1,0,0,0,0,0,1,0,13,13,4,0
450,3419,357,81,0,0,1,0,0,0,1,0,0,1,0,0,0,0,0,16,9,14,0
451,3923,507,64,0,0,0,1,0,0,0,1,0,1,0,0,0,0,0,10,10,14,0
452,3692,367,199,0,1,0,0,0,1,0,0,0,0,1,0,0,0,0,14,24,9,0
453,4253,780,72,0,0,1,0,0,0,0,0,1,1,0,0,0,0,0,6,19,12,0
454,9086,584,145,0,0,1,0,0,1,0,0,0,0,0,0,0,1,0,6,16,29,0
455,8953,51,158,0,1,0,0,1,0,0,0,0,0,0,0,0,0,1,13,13,6,0
456,8178,25,135,0,0,1,0,0,1,0,0,0,0,0,0,1,0,0,12,8,11,0
457,1927,943,25,1,0,0,0,0,1,0,0,0,0,0,0,0,0,1,23,28,16,0
458,342,181,25,0,0,0,1,0,0,0,0,1,0,1,0,0,0,0,23,11,5,0
459,297,273,153,0,0,1,0,0,0,0,0,1,0,0,0,0,0,1,11,27,19,0
460,7202,213,123,1,0,0,0,0,0,0,0,1,0,1,0,0,0,0,17,27,17,0
461,724,835,44,0,1,0,0,0,1,0,0,0,0,0,0,0,0,1,6,21,10,0
462,2216,886,145,0,1,0,0,0,0,1,0,0,0,0,0,0,1,0,21,24,19,0
463,5557,18,35,0,0,1,0,0,0,0,1,0,0,0,0,0,0,1,11,29,15,0
464,7232,647,151,0,0,1,0,0,1,0,0,0,0,0,0,0,1,0,13,9,21,0
465,3076,533,60,0,0,1,0,1,0,0,0,0,1,0,0,0,0,0,23,21,14,0
466,5603,264,82,1,0,0,0,0,0,0,1,0,1,0,0,0,0,0,23,23,2,0
467,6110,838,156,0,1,0,0,0,1,0,0,0,0,0,0,1,0,0,10,8,17,0
468,7910,931,103,0,1,0,0,0,1,0,0,0,0,0,0,0,0,1,13,19,5,0
469,4296,938,29,0,1,0,0,1,0,0,0,0,0,0,0,1,0,0,15,0,3,0
470,1896,833,150,0,0,0,1,0,0,1,0,0,0,1,0,0,0,0,18,12,16,0
471,9016,981,141,0,0,1,0,1,0,0,0,0,1,0,0,0,0,0,23,17,11,0
472,1932,255,137,0,0,1,0,0,0,1,0,0,0,0,0,0,1,0,14,6,24,0
473,8819,401,56,0,0,0,1,1,0,0,0,0,0,0,0,1,0,0,18,10,8,0
474,9326,570,95,0,0,0,1,0,0,0,1,0,0,0,0,0,0,1,7,14,3,0
475,4968,308,96,0,1,0,0,1,0,0,0,0,0,0,0,1,0,0,13,29,28,0
476,7822,454,175,0,0,0,1,0,1,0,0,0,0,0,0,0,1,0,19,11,4,0
477,4029,198,74,0,0,1,0,0,0,0,1,0,0,1,0,0,0,0,11,15,7,0
478,9314,925,143,1,0,0,0,0,0,0,0,1,0,0,0,1,0,0,7,16,23,0
479,2994,193,101,0,0,0,1,0,0,0,0,1,0,1,0,0,0,0,13,0,14,0
480,6567,366,149,0,0,1,0,0,0,1,0,0,0,0,0,0,1,0,8,28,28,0
481,4144,165,61,0,0,0,1,0,0,1,0,0,1,0,0,0,0,0,13,1,24,0
482,2186,716,133,0,0,0,1,0,1,0,0,0,0,0,0,1,0,0,10,4,10,0
483,9249,625,72,0,0,0,1,0,0,1,0,0,0,0,0,0,0,1,11,9,4,0
484,19,214,1,0,0,1,0,0,0,0,0,1,0,0,0,1,0,0,9,3,3,0
485,3533,606,75,0,0,1,0,0,0,0,1,0,1,0,0,0,0,0,15,1,12,0
486,6892,207,148,0,0,1,0,0,0,0,1,0,0,0,0,1,0,0,11,13,23,0
487,9260,64,1,0,1,0,0,0,1,0,0,0,0,0,0,1,0,0,21,17,10,0
488,1522,184,204,0,1,0,0,0,0,0,1,0,1,0,0,0,0,0,6,1,12,0
489,2037,127,12,1,0,0,0,0,0,0,1,0,0,0,0,0,0,1,7,3,25,0
490,6233,482,48,0,0,0,1,1,0,0,0,0,0,0,0,1,0,0,22,21,11,0
491,5948,186,120,0,0,0,1,0,0,0,1,0,0,1,0,0,0,0,16,29,20,0
492,7917,152,126,0,0,0,1,1,0,0,0,0,1,0,0,0,0,0,19,7,27,0
493,3377,259,5,0,0,0,1,0,0,0,1,0,0,1,0,0,0,0,18,4,10,0
494,3223,408,40,1,0,0,0,0,1,0,0,0,0,0,0,0,1,0,7,4,28,0
495,1076,482,58,0,0,1,0,1,0,0,0,0,1,0,0,0,0,0,12,6,8,0
496,4995,904,139,0,0,1,0,0,0,0,0,1,1,0,0,0,0,0,13,11,28,0
497,3485,527,71,0,1,0,0,0,0,0,0,1,0,0,0,1,0,0,8,11,26,0
498,7922,771,21,0,0,0,1,0,0,0,1,0,0,0,0,0,1,0,12,2,29,0
499,6451,429,54,1,0,0,0,0,1,0,0,0,1,0,0,0,0,0,11,9,4,0
